{
    "chevrolet": [
        {
            "name": "Camaro",
            "url": "models/chevrolet-camaro"
        },
        {
            "name": "SS",
            "url": "models/chevrolet-ss"
        },
        {
            "name": "City_Express_Cargo_Van",
            "url": "models/chevrolet-cityexpresscargovan"
        },
        {
            "name": "Colorado",
            "url": "models/chevrolet-colorado"
        },
        {
            "name": "Corvette",
            "url": "models/chevrolet-corvette"
        },
        {
            "name": "Cruze",
            "url": "models/chevrolet-cruze"
        },
        {
            "name": "Cruze_Limited",
            "url": "models/chevrolet-cruzelimited"
        },
        {
            "name": "Equinox",
            "url": "models/chevrolet-equinox"
        },
        {
            "name": "Express_Cargo_Van",
            "url": "models/chevrolet-expresscargovan"
        },
        {
            "name": "Express_Commercial_Cutaway",
            "url": "models/chevrolet-expresscommercialcutaway"
        },
        {
            "name": "Express_Passenger",
            "url": "models/chevrolet-expresspassenger"
        },
        {
            "name": "Impala",
            "url": "models/chevrolet-impala"
        },
        {
            "name": "Malibu",
            "url": "models/chevrolet-malibu"
        },
        {
            "name": "Malibu_Limited",
            "url": "models/chevrolet-malibulimited"
        },
        {
            "name": "Silverado_1500",
            "url": "models/chevrolet-silverado1500"
        },
        {
            "name": "Silverado_2500HD",
            "url": "models/chevrolet-silverado2500hd"
        },
        {
            "name": "Silverado_3500HD",
            "url": "models/chevrolet-silverado3500hd"
        },
        {
            "name": "Sonic",
            "url": "models/chevrolet-sonic"
        },
        {
            "name": "Spark",
            "url": "models/chevrolet-spark"
        },
        {
            "name": "Suburban",
            "url": "models/chevrolet-suburban"
        },
        {
            "name": "Tahoe",
            "url": "models/chevrolet-tahoe"
        },
        {
            "name": "Traverse",
            "url": "models/chevrolet-traverse"
        },
        {
            "name": "Trax",
            "url": "models/chevrolet-trax"
        },
        {
            "name": "Volt",
            "url": "models/chevrolet-volt"
        }
    ]
}
