{
      "INFINITI": ["Huge Savings", "Best Savings", "Aggressive Deals", "Aggressive Savings", "special allocation", "special allotment", "special acquisition", "factory authorized", "factory challenge", "manufacturer authorized", "manufacturer challenge", "INFINITI authorized", "INFINITI challenge", "volume discount", "volume savings", "outlet", "liquidation", "liquidate", "liquidating", "blowout", "blowing them out", "bail out", "sell off", "sell down", "close out", "closing them out", "clear out", "clean out", "overstocked", "inventory sell-a-thon", "we will not be undersold", "won’t be undersold", "nobody undersells", "priced too low to advertise", "so low they can’t be advertised", "no haggle", "retailer cost", "our cost", "meet", "beat", "match", "finance anyone", "Bad credit? No problem.", "thousands off MSRP",  "half off MSRP", "Invoice", "Below Invoice",  "Under Invoice", "Discount", "Clearance", "Reduction", "Rebates", "Cash Back", "Coupon", "Dealer Incentives", "Factory Incentives", "Cash Incentives", "We pay sales tax"],
      "Nissan": ["allocation", "allotment", "special acquisition", "special purchase", "special pricing", "special offer", "factory challenge", "factory challenged", "manufacturer authorized", "manufacturer challenge", "special test market", "volume discount", "outlet", "factory outlet", "headquarters", "factory authorized", "manufacturer challenged", "Nissan authorized", "Nissan challenge", "Nissan challenged", "Nissan-approved sale", "Nissan-suggested sale", "liquidate", "blowout", "distress", "bailout", "we will not be undersold", "sell off", "sell down", "clearance", "prices too low to advertise", "overstock", "meet", "beat", "match", "unbeatable", "deal beater", "surpass", "crush", "wholesale", "invoice", "Dealer cost", "employee cost", "our cost", "employee pricing", "guaranteed lowest price", "lowest price guaranteed", "lowest price guarantee", "inventory reduction", "reduce our inventory", "inventory disposal", "disposal", "save thousands", "thousands off", "thousands in savings", "% off", "save %", "% in savings"],
      "Mazda": ["liquidate", "overstocked", "clearance", "employee", "pricing", "closeout", "blowout", "supplier pricing", "red tag sale", "fleet pricing", "S-Plan", "buy one, get one", "BOGO", "meet", "beat", "match", "special allocation", "special pricing", "special test marketing", "member pricing", "special allowance", "special program", "special discount", "biggest", "newest", "best", "largest", "#1", "cost", "factory", "invoice"],
     "Ford": ["above cost", "below cost", "at cost", "above invoice", "below invoice", "at invoice", "dealer invoice", "factory invoice", "dealer cost", "wholesale cost", "guaranteed credit approval", "no credit rejected", "all credit accepted", "we finance everyone", "bad credit, no problem", "liquidation", "good credit, bad credit—all applications accepted", "factory authorized", "factory challenged", "authorized distribution center", "public notice", "public sale", "discount center", "wholesale center", "outlet", "warehouse", "warehouse store", "warehouse price", "you qualify for a new test-marketing program", "special purchase", "special pricing", "pricing so low, it’s like buying from the factory", "Buy-back", "supplier or employee pricing for everyone", "employee pricing for everyone", "supplier pricing for everyone", "program headquarters", "bailout", "we will not be undersold"],
     "Cadillac": ["Bargain", "Below invoice", "Blowout", "Clearance", "Close-out", "Dealer discounts available", "Dealer invoice", "Discount", "Factory-authorized sale", "Factory-authorized pricing", "Factory-to-dealer incentives", "Free", "Guaranteed low price", "Inventory reduction", "Invoice price", "Invoice sale", "Liquidation sale", "blowout sale", "inventory reduction sale", "Markdown", "Official lease termination center", "Outlet sales", "Overstocked", "Savings", "Special allocation", "Special purchase", "The price will never be lower", "We’ll finance anyone", "We’ll meet or beat any price", "We'll meet any price", "We'll beat any price", "Luxury for Less", "Free Maintenance", "Maintenance Free", "No Charge Maintenance", "Volume discount from Cadillac", "Volume discount from GM", "The Cadillac store", "The Cadillac outlet", "Cadillac’s official tri-county dealer", "Official lease termination center", "Official Cadillac service center", "Official GM service center", "Your exclusive Cadillac dealer", "We service all GM new vehicles"],
     "Audi": ["Special Purchase", "Special Allocation", "Factory Authorized", "Factory-to-Dealer Incentives", "Overstocked", "Close-out", "Clearance", "Outlet Sales", "Liquidation", "Inventory Reduction", "Factory Lease Return Center", "biggest", "best", "largest", "first", "safest", "only"],
     "BMW": ["clearance", "blowout", "closeout", "liquidation", "overstock", "inventory reduction", "below invoice"],
     "Toyota": ["Public notice", "Factory allocation", "special allocation", "Factory challenged", "Factory authorized", "Special purchase", "Warehouse price", "warehouse store", "Authorized distribution center", "Close out", "Garage sale", "blow out sale", "Good credit, bad credit–all applications accepted", "Inventory reduction", "Guaranteed lowest price", "Meet", "Liquidation", "No credit rejected", "W.A.C.", "O.A.C", "Overstocked", "Price protection guarantee", "We finance everyone", "Guaranteed credit approval", "Bad credit, no problem", "We won’t be undersold", "Beat"],
     "Genesis": ["Guaranteed Lowest", "Price Price Protection Guarantee", "Liquidation", "We Finance Everyone", "No Credit Rejected", "Guaranteed Credit Approval", "Overstocked", "Bad Credit, No Problem", "We Won’t Be Undersold", "Blow Out Sale", "Inventory Reduction", "Good Credit, Bad Credit–All Applications Accepted", "Public Notice", "Authorized Distribution Center", "Factory Allocation", "Special Allocation", "Factory Challenged", "Warehouse Price", "Special Purchase", "Factory Authorized", "Garage Sale", "Above Cost", "Below Cost", "At Cost", "Warehouse Store", "Above Invoice", "Below Invoice", "At Invoice", "Low Price Guaranteed", "Liquidation", "As Seen On TV", "Rebate", "Cash Rebate", "Dealer Cost", "Retailer Cost", "Clearance", "Guaranteed Credit Approval", "Factory Invoice", "Everyone is approved", "Overstocked", "Inventory Reduction", "Will not be Undersold", "Volume Discount", "Finance Price", "Best price guaranteed", "Special Price", "Special Purchase", "Bailout", "Closeout", "Prices Slashed", "Undercut", "Meet", "Beat", "Match", "Best Prices", "Discounted Prices", "Outlet", "Sell Down"],
     "Scion": ["Get e-price", "Quick Quote", "Request Price", "Click here for our lowest price", "Request Sales Price", "Sale Price", "Make an Offer", "Free (Price) Quote", "Free Quote", "Get Better than Internet Price"],
     "Porsche": ["clearance", "vehicle discounts", "blow-out"],
     "Mercedes-Benz": ["Blowout", "Cash Back", "Clearance", "Coupon", "Deal", "Dealer Cost", "Discount", "Factory Authorized", "Invoice", "Liquidation", "Lowest Price", "Meet", "Beat", "Overstocked", "Rebates", "Reduction", "Tent Sale", "Garage Sale", "Super Store", "Super Center", "$X Off", "% Off", "Save", "Savings", "Special Pricing", "Low Prices", "Price Guarantee"],
     "Smart": ["Blowout", "Cash Back", "Clearance", "Coupon", "Deal", "Dealer Cost", "Discount", "Factory Authorized", "Invoice", "Liquidation", "Lowest Price", "Meet", "Beat", "Overstocked", "Rebates", "Reduction", "Tent Sale", "Garage Sale", "Super Store", "Super Center", "$X Off", "% Off", "Save", "Savings", "Special Pricing", "Low Prices", "Price Guarantee"],
     "Maserati": ["Discount", "Sales Event", "On Sale", "Off MSRP", "Rebate", "Clearance", "Blow out", "Bailout", "Liquidation", "Wholesale", "Distress", "Factory Outlet", "Factory Authorized", "Manufacturer Challenged", "Factory Challenged", "Below Invoice", "Under Invoice", "blowout sale"],
     "Lexus": ["Above Cost", "Below Cost", "At Cost", "Guaranteed Lowest Price", "Above Invoice", "Below Invoice", "At Invoice", "Liquidation", "Acronyms W.A.", "and O.A.", "Low Price Guaranteed", "As seen on TV", "Bad Credit, No Problem", "No Credit Rejected", "Overstocked", "Clearance", "Price Protection Guarantee", "Dealer Cost", "Rebate", "Cash Rebate", "Dealer Invoice", "We Finance Everyone", "Factory Invoice", "We Won’t be Undersold", "Good Credit, Bad Credit-All Applications Accepted", "Wholesale Cost", "Guaranteed Credit Approval"],
     "Kia": ["liquidation", "discount center", "wholesale center", "outlet", "warehouse", "2-for-1 sale", "buy 1 get 1 free", "cost", "pricing so low it’s like buying from the factory", "meet", "beat", "match", "we will not be undersold", "we honor all dealers' ads", "bring the competition to us", "employee cost", "price protection guarantee", "sell-off", "sell-down", "closeout", "clear-out", "blowout", "bailout", "volume discount", "everyone approved", "finance price", "best price guaranteed", "inventory reduction", "special price", "special purchase", "clearance", "biggest", "largest", "Factory authorized", "Factory outlet", "Special allocation", "Special allotment", "Special acquisition", "We have been authorized", "Headquarters"],
     "Lincoln": ["Above cost", "Below cost", "At cost", "Dealer cost", "Wholesale cost", "Above invoice", "Below invoice", "At invoice", "Invoice", "Dealer invoice", "Factory invoice", "Warehouse Price", "Special pricing", "Special purchase", "Lowest price guarantee", "Best price guarantee", "Pricing so low", "it’s like buying from the factory", "Supplier pricing for everyone", "Employee pricing for everyone", "Guaranteed credit approval", "No credit rejected", "All credit accepted", "We finance anyone", "Bad credit", "no problem", "Good credit", "bad credit-all applications accepted", "Factory authorized", "Lincoln authorized", "Manufacturer authorized", "Authorized distribution center", "Special allocation", "Special allotment", "Special acquisition", "Program headquarters", "You qualify for a new test-marketing program", "Liquidation", "Volume discount", "Factory challenged", "Lincoln challenged", "Public notice", "Public sale", "Discount center", "Wholesale center",  "Warehouse store", "Outlet", "Warehouse", "Bailout", "Closeout", "Blowout", "Clear-out", "Cleanout", "We will not be undersold", "Meet Inventory reduction", "Beat inventory reduction", "Match inventory reduction", "Inventory sell-a-thon", "Holdback", "Buy Back", "Clearance", "Discount packages", "Free", "No Charge"],
     "Mini": ["hottest bottom line deals around"]
}